ID,Form_ID,Cognateset_ID,Segment_Slice,Alignment,Source
1,1,101,,,
2,2,301,,,
3,3,501,,,
4,4,701,,,
5,5,901,,,
6,6,1101,,,
7,7,1301,,,
8,8,1501,,,
9,9,1701,,,
10,10,1901,,,
11,11,2101,,,
12,12,2301,,,
13,13,2501,,,
14,14,2701,,,
15,15,2901,,,
16,16,3101,,,
17,17,3301,,,
18,18,3501,,,
19,19,3701,,,
20,20,3901,,,
21,21,4101,,,
22,22,4301,,,
23,23,4501,,,
24,24,4701,,,
25,25,4901,,,
26,26,5101,,,
27,27,5303,,,
28,28,5501,,,
29,29,5701,,,
30,30,5901,,,
31,31,6101,,,
32,32,6301,,,
33,33,6501,,,
34,34,6701,,,
35,35,6901,,,
36,36,7101,,,
37,37,7301,,,
38,38,7501,,,
39,39,7701,,,
40,40,7901,,,
41,41,8101,,,
42,42,8301,,,
43,43,8501,,,
44,44,8701,,,
45,45,8901,,,
46,46,9101,,,
47,47,9301,,,
48,48,9501,,,
49,49,9701,,,
50,50,9901,,,
51,51,10101,,,
52,52,10301,,,
53,53,10501,,,
54,54,10701,,,
55,55,10901,,,
56,56,11101,,,
57,57,11301,,,
58,58,11501,,,
59,59,11701,,,
60,60,11901,,,
61,61,12101,,,
62,62,12301,,,
63,63,12501,,,
64,64,12701,,,
65,65,12901,,,
66,66,13101,,,
67,67,13301,,,
68,68,13501,,,
69,69,13701,,,
70,70,13901,,,
71,71,14101,,,
72,72,14301,,,
73,73,14501,,,
74,74,14701,,,
75,75,14901,,,
76,76,15101,,,
77,77,15301,,,
78,78,15502,,,
79,79,15701,,,
80,80,15901,,,
81,81,16101,,,
82,82,16301,,,
83,83,16501,,,
84,84,16701,,,
85,85,16901,,,
86,86,17101,,,
87,87,17301,,,
88,88,17501,,,
89,89,17701,,,
90,90,17901,,,
91,91,18101,,,
92,92,18301,,,
93,93,18501,,,
94,94,18701,,,
95,95,18901,,,
96,96,19101,,,
97,97,19301,,,
98,98,19501,,,
99,99,19701,,,
100,100,19901,,,
101,101,101,,,
102,102,301,,,
103,103,501,,,
104,104,701,,,
105,105,901,,,
106,106,1101,,,
107,107,1301,,,
108,108,1501,,,
109,109,1701,,,
110,110,1901,,,
111,111,2101,,,
112,112,2301,,,
113,113,2501,,,
114,114,2701,,,
115,115,2901,,,
116,116,3101,,,
117,117,3302,,,
118,118,3501,,,
119,119,3701,,,
120,120,3901,,,
121,121,4101,,,
122,122,4301,,,
123,123,4501,,,
124,124,4701,,,
125,125,4901,,,
126,126,5102,,,
127,127,5303,,,
128,128,5501,,,
129,129,5701,,,
130,130,5901,,,
131,131,6101,,,
132,132,6301,,,
133,133,6501,,,
134,134,6701,,,
135,135,6901,,,
136,136,7101,,,
137,137,7301,,,
138,138,7502,,,
139,139,7701,,,
140,140,7901,,,
141,141,8101,,,
142,142,8302,,,
143,143,8501,,,
144,144,8701,,,
145,145,8901,,,
146,146,9101,,,
147,147,9301,,,
148,148,9501,,,
149,149,9701,,,
150,150,9901,,,
151,151,10101,,,
152,152,10301,,,
153,153,10501,,,
154,154,10702,,,
155,155,10901,,,
156,156,11101,,,
157,157,11301,,,
158,158,11501,,,
159,159,11701,,,
160,160,11901,,,
161,161,12101,,,
162,162,12301,,,
163,163,12501,,,
164,164,12701,,,
165,165,12901,,,
166,166,13101,,,
167,167,13301,,,
168,168,13501,,,
169,169,13701,,,
170,170,13902,,,
171,171,14101,,,
172,172,14301,,,
173,173,14501,,,
174,174,14701,,,
175,175,14901,,,
176,176,15101,,,
177,177,15301,,,
178,178,15502,,,
179,179,15710,,,
180,180,15901,,,
181,181,16101,,,
182,182,16301,,,
183,183,16501,,,
184,184,16701,,,
185,185,16902,,,
186,186,17101,,,
187,187,17301,,,
188,188,17501,,,
189,189,17701,,,
190,190,17901,,,
191,191,18101,,,
192,192,18301,,,
193,193,18501,,,
194,194,18701,,,
195,195,18901,,,
196,196,19101,,,
197,197,19302,,,
198,198,19501,,,
199,199,19701,,,
200,200,19901,,,
201,201,101,,,
202,202,301,,,
203,203,501,,,
204,204,701,,,
205,205,902,,,
206,206,1101,,,
207,207,1301,,,
208,208,1501,,,
209,209,1701,,,
210,210,1901,,,
211,211,2101,,,
212,212,2301,,,
213,213,2501,,,
214,214,2702,,,
215,215,2901,,,
216,216,3101,,,
217,217,3302,,,
218,218,3501,,,
219,219,3701,,,
220,220,3901,,,
221,221,4101,,,
222,222,4302,,,
223,223,4501,,,
224,224,4701,,,
225,225,4901,,,
226,226,5103,,,
227,227,5301,,,
228,228,5502,,,
229,229,5701,,,
230,230,5901,,,
231,231,6101,,,
232,232,6301,,,
233,233,6501,,,
234,234,6701,,,
235,235,6901,,,
236,236,7101,,,
237,237,7302,,,
238,238,7501,,,
239,239,7701,,,
240,240,7902,,,
241,241,8101,,,
242,242,8303,,,
243,243,8501,,,
244,244,8701,,,
245,245,8901,,,
246,246,9101,,,
247,247,9301,,,
248,248,9502,,,
249,249,9702,,,
250,250,9901,,,
251,251,10101,,,
252,252,10301,,,
253,253,10501,,,
254,254,10703,,,
255,255,10901,,,
256,256,11101,,,
257,257,11301,,,
258,258,11501,,,
259,259,11701,,,
260,260,11901,,,
261,261,12101,,,
262,262,12301,,,
263,263,12501,,,
264,264,12701,,,
265,265,12901,,,
266,266,13101,,,
267,267,13301,,,
268,268,13502,,,
269,269,13701,,,
270,270,13903,,,
271,271,14102,,,
272,272,14302,,,
273,273,14502,,,
274,274,14701,,,
275,275,14901,,,
276,276,15101,,,
277,277,15301,,,
278,278,15501,,,
279,279,15703,,,
280,280,15901,,,
281,281,16101,,,
282,282,16302,,,
283,283,16501,,,
284,284,16702,,,
285,285,16907,,,
286,286,17101,,,
287,287,17301,,,
288,288,17501,,,
289,289,17702,,,
290,290,17901,,,
291,291,18102,,,
292,292,18301,,,
293,293,18502,,,
294,294,18702,,,
295,295,18901,,,
296,296,19101,,,
297,297,19302,,,
298,298,19501,,,
299,299,19701,,,
300,300,19901,,,
301,301,101,,,
302,302,301,,,
303,303,501,,,
304,304,701,,,
305,305,902,,,
306,306,1101,,,
307,307,1301,,,
308,308,1501,,,
309,309,1701,,,
310,310,1901,,,
311,311,2101,,,
312,312,2301,,,
313,313,2501,,,
314,314,2702,,,
315,315,2901,,,
316,316,3101,,,
317,317,3302,,,
318,318,3501,,,
319,319,3701,,,
320,320,3901,,,
321,321,4101,,,
322,322,4302,,,
323,323,4501,,,
324,324,4701,,,
325,325,4901,,,
326,326,5104,,,
327,327,5301,,,
328,328,5502,,,
329,329,5701,,,
330,330,5901,,,
331,331,6101,,,
332,332,6301,,,
333,333,6501,,,
334,334,6701,,,
335,335,6901,,,
336,336,7101,,,
337,337,7302,,,
338,338,7501,,,
339,339,7701,,,
340,340,7902,,,
341,341,8101,,,
342,342,8303,,,
343,343,8501,,,
344,344,8701,,,
345,345,8901,,,
346,346,9101,,,
347,347,9301,,,
348,348,9502,,,
349,349,9701,,,
350,350,9901,,,
351,351,10101,,,
352,352,10301,,,
353,353,10501,,,
354,354,10703,,,
355,355,10901,,,
356,356,11101,,,
357,357,11301,,,
358,358,11501,,,
359,359,11701,,,
360,360,11901,,,
361,361,12102,,,
362,362,12301,,,
363,363,12501,,,
364,364,12701,,,
365,365,12901,,,
366,366,13101,,,
367,367,13301,,,
368,368,13501,,,
369,369,13701,,,
370,370,13901,,,
371,371,14102,,,
372,372,14302,,,
373,373,14501,,,
374,374,14701,,,
375,375,14901,,,
376,376,15101,,,
377,377,15301,,,
378,378,15501,,,
379,379,15703,,,
380,380,15901,,,
381,381,16101,,,
382,382,16302,,,
383,383,16501,,,
384,384,16702,,,
385,385,16907,,,
386,386,17101,,,
387,387,17301,,,
388,388,17501,,,
389,389,17702,,,
390,390,17901,,,
391,391,18101,,,
392,392,18301,,,
393,393,18502,,,
394,394,18702,,,
395,395,18901,,,
396,396,19101,,,
397,397,19302,,,
398,398,19501,,,
399,399,19701,,,
400,400,101,,,
401,401,301,,,
402,402,501,,,
403,403,501,,,
404,404,701,,,
405,405,902,,,
406,406,1101,,,
407,407,1301,,,
408,408,1501,,,
409,409,1701,,,
410,410,1901,,,
411,411,2101,,,
412,412,2301,,,
413,413,2501,,,
414,414,2702,,,
415,415,2901,,,
416,416,3101,,,
417,417,3302,,,
418,418,3501,,,
419,419,3701,,,
420,420,3901,,,
421,421,3901,,,
422,422,4101,,,
423,423,4302,,,
424,424,4501,,,
425,425,4701,,,
426,426,4901,,,
427,427,5103,,,
428,428,5301,,,
429,429,5502,,,
430,430,5701,,,
431,431,5901,,,
432,432,6101,,,
433,433,6301,,,
434,434,6501,,,
435,435,6701,,,
436,436,6901,,,
437,437,7101,,,
438,438,7302,,,
439,439,7501,,,
440,440,7701,,,
441,441,7902,,,
442,442,8101,,,
443,443,8303,,,
444,444,8501,,,
445,445,8701,,,
446,446,8901,,,
447,447,9101,,,
448,448,9301,,,
449,449,9502,,,
450,450,9702,,,
451,451,9901,,,
452,452,10101,,,
453,453,10301,,,
454,454,10501,,,
455,455,10703,,,
456,456,10901,,,
457,457,11101,,,
458,458,11301,,,
459,459,11501,,,
460,460,11701,,,
461,461,11901,,,
462,462,12101,,,
463,463,12301,,,
464,464,12501,,,
465,465,12701,,,
466,466,12901,,,
467,467,13101,,,
468,468,13301,,,
469,469,13502,,,
470,470,13701,,,
471,471,13903,,,
472,472,14102,,,
473,473,14302,,,
474,474,14503,,,
475,475,14701,,,
476,476,14901,,,
477,477,15101,,,
478,478,15301,,,
479,479,15501,,,
480,480,15703,,,
481,481,15901,,,
482,482,16101,,,
483,483,16302,,,
484,484,16501,,,
485,485,16701,,,
486,486,16907,,,
487,487,17101,,,
488,488,17301,,,
489,489,17501,,,
490,490,17702,,,
491,491,17901,,,
492,492,18101,,,
493,493,18301,,,
494,494,18301,,,
495,495,18503,,,
496,496,18702,,,
497,497,18901,,,
498,498,19101,,,
499,499,19302,,,
500,500,19501,,,
501,501,19701,,,
502,502,19901,,,
503,503,19901,,,
504,504,101,,,
505,505,301,,,
506,506,501,,,
507,507,701,,,
508,508,902,,,
509,509,1101,,,
510,510,1301,,,
511,511,1501,,,
512,512,1701,,,
513,513,1901,,,
514,514,2101,,,
515,515,2301,,,
516,516,2501,,,
517,517,2501,,,
518,518,2702,,,
519,519,2901,,,
520,520,3101,,,
521,521,3302,,,
522,522,3501,,,
523,523,3701,,,
524,524,3901,,,
525,525,4101,,,
526,526,4302,,,
527,527,4501,,,
528,528,4701,,,
529,529,4901,,,
530,530,5103,,,
531,531,5301,,,
532,532,5502,,,
533,533,5701,,,
534,534,5901,,,
535,535,6101,,,
536,536,6301,,,
537,537,6501,,,
538,538,6701,,,
539,539,6901,,,
540,540,7101,,,
541,541,7302,,,
542,542,7501,,,
543,543,7701,,,
544,544,7902,,,
545,545,8101,,,
546,546,8303,,,
547,547,8501,,,
548,548,8701,,,
549,549,8901,,,
550,550,9101,,,
551,551,9301,,,
552,552,9502,,,
553,553,9702,,,
554,554,9901,,,
555,555,10101,,,
556,556,10301,,,
557,557,10501,,,
558,558,10702,,,
559,559,10901,,,
560,560,11101,,,
561,561,11301,,,
562,562,11501,,,
563,563,11701,,,
564,564,11901,,,
565,565,12101,,,
566,566,12301,,,
567,567,12501,,,
568,568,12701,,,
569,569,12901,,,
570,570,13101,,,
571,571,13301,,,
572,572,13502,,,
573,573,13701,,,
574,574,13903,,,
575,575,14103,,,
576,576,14302,,,
577,577,14503,,,
578,578,14701,,,
579,579,14902,,,
580,580,15101,,,
581,581,15301,,,
582,582,15501,,,
583,583,15703,,,
584,584,15901,,,
585,585,16101,,,
586,586,16302,,,
587,587,16501,,,
588,588,16701,,,
589,589,16907,,,
590,590,17101,,,
591,591,17301,,,
592,592,17501,,,
593,593,17702,,,
594,594,17901,,,
595,595,18101,,,
596,596,18301,,,
597,597,18301,,,
598,598,18504,,,
599,599,18702,,,
600,600,18901,,,
601,601,19101,,,
602,602,19302,,,
603,603,19501,,,
604,604,19701,,,
605,605,19901,,,
606,606,101,,,
607,607,301,,,
608,608,501,,,
609,609,701,,,
610,610,902,,,
611,611,1101,,,
612,612,1301,,,
613,613,1501,,,
614,614,1701,,,
615,615,1901,,,
616,616,2101,,,
617,617,2301,,,
618,618,2501,,,
619,619,2702,,,
620,620,2901,,,
621,621,3101,,,
622,622,3302,,,
623,623,3501,,,
624,624,3701,,,
625,625,3901,,,
626,626,4101,,,
627,627,4302,,,
628,628,4501,,,
629,629,4701,,,
630,630,4901,,,
631,631,5103,,,
632,632,5301,,,
633,633,5502,,,
634,634,5701,,,
635,635,5901,,,
636,636,6101,,,
637,637,6301,,,
638,638,6501,,,
639,639,6701,,,
640,640,6901,,,
641,641,7101,,,
642,642,7302,,,
643,643,7501,,,
644,644,7701,,,
645,645,7902,,,
646,646,8101,,,
647,647,8303,,,
648,648,8501,,,
649,649,8701,,,
650,650,8901,,,
651,651,9101,,,
652,652,9301,,,
653,653,9301,,,
654,654,9502,,,
655,655,9702,,,
656,656,9901,,,
657,657,10101,,,
658,658,10301,,,
659,659,10501,,,
660,660,10702,,,
661,661,10702,,,
662,662,10901,,,
663,663,11101,,,
664,664,11301,,,
665,665,11501,,,
666,666,11701,,,
667,667,11901,,,
668,668,12301,,,
669,669,12501,,,
670,670,12701,,,
671,671,12901,,,
672,672,13101,,,
673,673,13301,,,
674,674,13502,,,
675,675,13701,,,
676,676,13903,,,
677,677,14104,,,
678,678,14302,,,
679,679,14503,,,
680,680,14701,,,
681,681,15101,,,
682,682,15301,,,
683,683,15501,,,
684,684,15702,,,
685,685,15901,,,
686,686,16101,,,
687,687,16302,,,
688,688,16501,,,
689,689,16702,,,
690,690,16902,,,
691,691,17101,,,
692,692,17301,,,
693,693,17501,,,
694,694,17702,,,
695,695,17901,,,
696,696,18101,,,
697,697,18301,,,
698,698,18504,,,
699,699,18702,,,
700,700,18901,,,
701,701,19101,,,
702,702,19302,,,
703,703,19501,,,
704,704,19701,,,
705,705,19901,,,
706,706,101,,,
707,707,301,,,
708,708,501,,,
709,709,701,,,
710,710,902,,,
711,711,1101,,,
712,712,1301,,,
713,713,1501,,,
714,714,1901,,,
715,715,2101,,,
716,716,2301,,,
717,717,2501,,,
718,718,2702,,,
719,719,2901,,,
720,720,3101,,,
721,721,3302,,,
722,722,3501,,,
723,723,3701,,,
724,724,3901,,,
725,725,4101,,,
726,726,4302,,,
727,727,4501,,,
728,728,4701,,,
729,729,4901,,,
730,730,5103,,,
731,731,5301,,,
732,732,5502,,,
733,733,5701,,,
734,734,5901,,,
735,735,6101,,,
736,736,6301,,,
737,737,6501,,,
738,738,6701,,,
739,739,6901,,,
740,740,7101,,,
741,741,7302,,,
742,742,7501,,,
743,743,7701,,,
744,744,7903,,,
745,745,8102,,,
746,746,8303,,,
747,747,8501,,,
748,748,8701,,,
749,749,8901,,,
750,750,9101,,,
751,751,9301,,,
752,752,9502,,,
753,753,9702,,,
754,754,9901,,,
755,755,10101,,,
756,756,10301,,,
757,757,10501,,,
758,758,10703,,,
759,759,10901,,,
760,760,11101,,,
761,761,11301,,,
762,762,11501,,,
763,763,11701,,,
764,764,11901,,,
765,765,12101,,,
766,766,12301,,,
767,767,12501,,,
768,768,12701,,,
769,769,12901,,,
770,770,13101,,,
771,771,13301,,,
772,772,13502,,,
773,773,13701,,,
774,774,13903,,,
775,775,14102,,,
776,776,14302,,,
777,777,14503,,,
778,778,14701,,,
779,779,14902,,,
780,780,15101,,,
781,781,15301,,,
782,782,15501,,,
783,783,15703,,,
784,784,15901,,,
785,785,16101,,,
786,786,16302,,,
787,787,16501,,,
788,788,16702,,,
789,789,16907,,,
790,790,17101,,,
791,791,17301,,,
792,792,17501,,,
793,793,17702,,,
794,794,17901,,,
795,795,18101,,,
796,796,18301,,,
797,797,18504,,,
798,798,18702,,,
799,799,18901,,,
800,800,19101,,,
801,801,19302,,,
802,802,19501,,,
803,803,19701,,,
804,804,19901,,,
805,805,101,,,
806,806,301,,,
807,807,501,,,
808,808,702,,,
809,809,903,,,
810,810,1102,,,
811,811,1302,,,
812,812,1501,,,
813,813,1702,,,
814,814,1902,,,
815,815,2102,,,
816,816,2301,,,
817,817,2502,,,
818,818,2502,,,
819,819,2701,,,
820,820,2901,,,
821,821,3102,,,
822,822,3303,,,
823,823,3501,,,
824,824,3701,,,
825,825,3901,,,
826,826,4106,,,
827,827,4303,,,
828,828,4502,,,
829,829,4702,,,
830,830,4902,,,
831,831,5105,,,
832,832,5302,,,
833,833,5302,,,
834,834,5501,,,
835,835,5701,,,
836,836,5901,,,
837,837,6101,,,
838,838,6301,,,
839,839,6501,,,
840,840,6501,,,
841,841,6702,,,
842,842,6902,,,
843,843,7101,,,
844,844,7301,,,
845,845,7503,,,
846,846,7701,,,
847,847,7903,,,
848,848,8101,,,
849,849,8303,,,
850,850,8501,,,
851,851,8701,,,
852,852,8901,,,
853,853,9102,,,
854,854,9302,,,
855,855,9503,,,
856,856,9703,,,
857,857,9902,,,
858,858,10102,,,
859,859,10301,,,
860,860,10501,,,
861,861,10702,,,
862,862,10902,,,
863,863,11301,,,
864,864,11502,,,
865,865,11701,,,
866,866,11901,,,
867,867,12103,,,
868,868,12302,,,
869,869,12501,,,
870,870,12902,,,
871,871,13102,,,
872,872,13301,,,
873,873,13503,,,
874,874,13701,,,
875,875,13904,,,
876,876,14103,,,
877,877,14303,,,
878,878,14504,,,
879,879,14702,,,
880,880,14903,,,
881,881,15102,,,
882,882,15301,,,
883,883,15502,,,
884,884,15701,,,
885,885,15901,,,
886,886,16102,,,
887,887,16303,,,
888,888,16502,,,
889,889,16703,,,
890,890,16901,,,
891,891,17101,,,
892,892,17302,,,
893,893,17502,,,
894,894,17901,,,
895,895,18103,,,
896,896,18301,,,
897,897,18505,,,
898,898,18703,,,
899,899,18902,,,
900,900,19101,,,
901,901,19303,,,
902,902,19501,,,
903,903,19701,,,
904,904,19901,,,
905,905,101,,,
906,906,301,,,
907,907,501,,,
908,908,702,,,
909,909,903,,,
910,910,1102,,,
911,911,1302,,,
912,912,1501,,,
913,913,1703,,,
914,914,1902,,,
915,915,2102,,,
916,916,2301,,,
917,917,2502,,,
918,918,2701,,,
919,919,2902,,,
920,920,3303,,,
921,921,3501,,,
922,922,3701,,,
923,923,3901,,,
924,924,4106,,,
925,925,4303,,,
926,926,4502,,,
927,927,4702,,,
928,928,4902,,,
929,929,5105,,,
930,930,5302,,,
931,931,5501,,,
932,932,5701,,,
933,933,5901,,,
934,934,6101,,,
935,935,6301,,,
936,936,6502,,,
937,937,6703,,,
938,938,6902,,,
939,939,7101,,,
940,940,7303,,,
941,941,7503,,,
942,942,7701,,,
943,943,8101,,,
944,944,8304,,,
945,945,8501,,,
946,946,8901,,,
947,947,9102,,,
948,948,9302,,,
949,949,9704,,,
950,950,9903,,,
951,951,10102,,,
952,952,10301,,,
953,953,10501,,,
954,954,10902,,,
955,955,11301,,,
956,956,11503,,,
957,957,11701,,,
958,958,12103,,,
959,959,12302,,,
960,960,12501,,,
961,961,12902,,,
962,962,13102,,,
963,963,13301,,,
964,964,13503,,,
965,965,13701,,,
966,966,13904,,,
967,967,14303,,,
968,968,14504,,,
969,969,14702,,,
970,970,14903,,,
971,971,15102,,,
972,972,15301,,,
973,973,15502,,,
974,974,15704,,,
975,975,15901,,,
976,976,16103,,,
977,977,16303,,,
978,978,16502,,,
979,979,16703,,,
980,980,16901,,,
981,981,17101,,,
982,982,17302,,,
983,983,17703,,,
984,984,17901,,,
985,985,18103,,,
986,986,18301,,,
987,987,18505,,,
988,988,18703,,,
989,989,18902,,,
990,990,19101,,,
991,991,19501,,,
992,992,19701,,,
993,993,19901,,,
994,994,101,,,
995,995,301,,,
996,996,501,,,
997,997,702,,,
998,998,903,,,
999,999,1102,,,
1000,1000,1302,,,
1001,1001,1501,,,
1002,1002,1702,,,
1003,1003,1902,,,
1004,1004,2102,,,
1005,1005,2301,,,
1006,1006,2502,,,
1007,1007,2701,,,
1008,1008,2901,,,
1009,1009,3303,,,
1010,1010,3501,,,
1011,1011,3701,,,
1012,1012,3901,,,
1013,1013,4106,,,
1014,1014,4303,,,
1015,1015,4502,,,
1016,1016,4702,,,
1017,1017,4902,,,
1018,1018,5105,,,
1019,1019,5302,,,
1020,1020,5501,,,
1021,1021,5701,,,
1022,1022,5901,,,
1023,1023,6101,,,
1024,1024,6301,,,
1025,1025,6502,,,
1026,1026,6703,,,
1027,1027,6902,,,
1028,1028,7101,,,
1029,1029,7301,,,
1030,1030,7503,,,
1031,1031,7701,,,
1032,1032,8103,,,
1033,1033,8304,,,
1034,1034,8501,,,
1035,1035,8901,,,
1036,1036,9102,,,
1037,1037,9302,,,
1038,1038,9703,,,
1039,1039,9902,,,
1040,1040,10102,,,
1041,1041,10301,,,
1042,1042,10501,,,
1043,1043,10902,,,
1044,1044,11301,,,
1045,1045,11502,,,
1046,1046,11701,,,
1047,1047,12103,,,
1048,1048,12302,,,
1049,1049,12501,,,
1050,1050,12902,,,
1051,1051,13102,,,
1052,1052,13301,,,
1053,1053,13503,,,
1054,1054,13701,,,
1055,1055,13904,,,
1056,1056,14303,,,
1057,1057,14504,,,
1058,1058,14702,,,
1059,1059,14903,,,
1060,1060,15102,,,
1061,1061,15301,,,
1062,1062,15502,,,
1063,1063,15704,,,
1064,1064,15901,,,
1065,1065,16103,,,
1066,1066,16303,,,
1067,1067,16502,,,
1068,1068,16703,,,
1069,1069,16901,,,
1070,1070,17101,,,
1071,1071,17302,,,
1072,1072,17703,,,
1073,1073,17901,,,
1074,1074,18103,,,
1075,1075,18301,,,
1076,1076,18505,,,
1077,1077,18703,,,
1078,1078,18902,,,
1079,1079,19101,,,
1080,1080,19501,,,
1081,1081,19701,,,
1082,1082,19901,,,
1083,1083,101,,,
1084,1084,101,,,
1085,1085,301,,,
1086,1086,501,,,
1087,1087,702,,,
1088,1088,903,,,
1089,1089,1102,,,
1090,1090,1302,,,
1091,1091,1501,,,
1092,1092,1703,,,
1093,1093,1902,,,
1094,1094,2102,,,
1095,1095,2102,,,
1096,1096,2301,,,
1097,1097,2502,,,
1098,1098,2701,,,
1099,1099,2903,,,
1100,1100,3303,,,
1101,1101,3501,,,
1102,1102,3701,,,
1103,1103,3901,,,
1104,1104,4106,,,
1105,1105,4303,,,
1106,1106,4502,,,
1107,1107,4702,,,
1108,1108,4902,,,
1109,1109,5105,,,
1110,1110,5302,,,
1111,1111,5501,,,
1112,1112,5701,,,
1113,1113,5901,,,
1114,1114,6101,,,
1115,1115,6301,,,
1116,1116,6502,,,
1117,1117,6703,,,
1118,1118,6902,,,
1119,1119,7101,,,
1120,1120,7301,,,
1121,1121,7503,,,
1122,1122,7701,,,
1123,1123,8101,,,
1124,1124,8303,,,
1125,1125,8501,,,
1126,1126,8901,,,
1127,1127,9102,,,
1128,1128,9302,,,
1129,1129,9704,,,
1130,1130,9903,,,
1131,1131,10102,,,
1132,1132,10301,,,
1133,1133,10501,,,
1134,1134,10902,,,
1135,1135,11301,,,
1136,1136,11502,,,
1137,1137,11701,,,
1138,1138,12103,,,
1139,1139,12302,,,
1140,1140,12501,,,
1141,1141,12902,,,
1142,1142,13102,,,
1143,1143,13301,,,
1144,1144,13503,,,
1145,1145,13701,,,
1146,1146,13904,,,
1147,1147,14303,,,
1148,1148,14504,,,
1149,1149,14702,,,
1150,1150,14903,,,
1151,1151,15102,,,
1152,1152,15301,,,
1153,1153,15502,,,
1154,1154,15704,,,
1155,1155,15901,,,
1156,1156,16103,,,
1157,1157,16303,,,
1158,1158,16502,,,
1159,1159,16703,,,
1160,1160,16901,,,
1161,1161,17101,,,
1162,1162,17302,,,
1163,1163,17703,,,
1164,1164,17901,,,
1165,1165,18103,,,
1166,1166,18301,,,
1167,1167,18505,,,
1168,1168,18703,,,
1169,1169,18902,,,
1170,1170,19101,,,
1171,1171,19501,,,
1172,1172,19701,,,
1173,1173,19901,,,
1174,1174,101,,,
1175,1175,301,,,
1176,1176,502,,,
1177,1177,702,,,
1178,1178,903,,,
1179,1179,1102,,,
1180,1180,1302,,,
1181,1181,1501,,,
1182,1182,1704,,,
1183,1183,1902,,,
1184,1184,2102,,,
1185,1185,2301,,,
1186,1186,2502,,,
1187,1187,2705,,,
1188,1188,2904,,,
1189,1189,3303,,,
1190,1190,3501,,,
1191,1191,3701,,,
1192,1192,3901,,,
1193,1193,4106,,,
1194,1194,4303,,,
1195,1195,4502,,,
1196,1196,4702,,,
1197,1197,4902,,,
1198,1198,5105,,,
1199,1199,5302,,,
1200,1200,5501,,,
1201,1201,5701,,,
1202,1202,5901,,,
1203,1203,6101,,,
1204,1204,6301,,,
1205,1205,6502,,,
1206,1206,6703,,,
1207,1207,6902,,,
1208,1208,7101,,,
1209,1209,7304,,,
1210,1210,7503,,,
1211,1211,7701,,,
1212,1212,8101,,,
1213,1213,8304,,,
1214,1214,8501,,,
1215,1215,8901,,,
1216,1216,9102,,,
1217,1217,9302,,,
1218,1218,9703,,,
1219,1219,9902,,,
1220,1220,10102,,,
1221,1221,10301,,,
1222,1222,10501,,,
1223,1223,10902,,,
1224,1224,11301,,,
1225,1225,11502,,,
1226,1226,11701,,,
1227,1227,12103,,,
1228,1228,12302,,,
1229,1229,12501,,,
1230,1230,12902,,,
1231,1231,13103,,,
1232,1232,13301,,,
1233,1233,13503,,,
1234,1234,13701,,,
1235,1235,13904,,,
1236,1236,14303,,,
1237,1237,14504,,,
1238,1238,14703,,,
1239,1239,14903,,,
1240,1240,15102,,,
1241,1241,15301,,,
1242,1242,15502,,,
1243,1243,15704,,,
1244,1244,15901,,,
1245,1245,16102,,,
1246,1246,16303,,,
1247,1247,16502,,,
1248,1248,16703,,,
1249,1249,16901,,,
1250,1250,17101,,,
1251,1251,17302,,,
1252,1252,17703,,,
1253,1253,17901,,,
1254,1254,18103,,,
1255,1255,18301,,,
1256,1256,18505,,,
1257,1257,18703,,,
1258,1258,18902,,,
1259,1259,19101,,,
1260,1260,19502,,,
1261,1261,19701,,,
1262,1262,19904,,,
1263,1263,101,,,
1264,1264,301,,,
1265,1265,501,,,
1266,1266,702,,,
1267,1267,903,,,
1268,1268,1102,,,
1269,1269,1302,,,
1270,1270,1501,,,
1271,1271,1703,,,
1272,1272,1902,,,
1273,1273,2102,,,
1274,1274,2301,,,
1275,1275,2502,,,
1276,1276,2701,,,
1277,1277,2903,,,
1278,1278,3303,,,
1279,1279,3501,,,
1280,1280,3701,,,
1281,1281,3901,,,
1282,1282,4106,,,
1283,1283,4303,,,
1284,1284,4502,,,
1285,1285,4702,,,
1286,1286,4902,,,
1287,1287,5105,,,
1288,1288,5302,,,
1289,1289,5501,,,
1290,1290,5701,,,
1291,1291,5901,,,
1292,1292,6101,,,
1293,1293,6301,,,
1294,1294,6502,,,
1295,1295,6703,,,
1296,1296,6902,,,
1297,1297,7101,,,
1298,1298,7301,,,
1299,1299,7503,,,
1300,1300,7701,,,
1301,1301,8101,,,
1302,1302,8303,,,
1303,1303,8501,,,
1304,1304,8901,,,
1305,1305,9102,,,
1306,1306,9302,,,
1307,1307,9703,,,
1308,1308,9902,,,
1309,1309,10102,,,
1310,1310,10301,,,
1311,1311,10501,,,
1312,1312,10902,,,
1313,1313,11301,,,
1314,1314,11502,,,
1315,1315,11701,,,
1316,1316,12103,,,
1317,1317,12302,,,
1318,1318,12501,,,
1319,1319,12902,,,
1320,1320,13103,,,
1321,1321,13301,,,
1322,1322,13503,,,
1323,1323,13701,,,
1324,1324,13904,,,
1325,1325,14303,,,
1326,1326,14504,,,
1327,1327,14704,,,
1328,1328,14903,,,
1329,1329,15102,,,
1330,1330,15301,,,
1331,1331,15502,,,
1332,1332,15704,,,
1333,1333,15901,,,
1334,1334,16102,,,
1335,1335,16303,,,
1336,1336,16502,,,
1337,1337,16703,,,
1338,1338,16901,,,
1339,1339,17101,,,
1340,1340,17302,,,
1341,1341,17704,,,
1342,1342,17901,,,
1343,1343,18103,,,
1344,1344,18301,,,
1345,1345,18505,,,
1346,1346,18703,,,
1347,1347,18902,,,
1348,1348,19101,,,
1349,1349,19502,,,
1350,1350,19701,,,
1351,1351,19901,,,
1352,1352,101,,,
1353,1353,301,,,
1354,1354,501,,,
1355,1355,701,,,
1356,1356,904,,,
1357,1357,1103,,,
1358,1358,1303,,,
1359,1359,1502,,,
1360,1360,1703,,,
1361,1361,1901,,,
1362,1362,2103,,,
1363,1363,2301,,,
1364,1364,2502,,,
1365,1365,2704,,,
1366,1366,2905,,,
1367,1367,3103,,,
1368,1368,3302,,,
1369,1369,3501,,,
1370,1370,3701,,,
1371,1371,3902,,,
1372,1372,4102,,,
1373,1373,4302,,,
1374,1374,4501,,,
1375,1375,4702,,,
1376,1376,4902,,,
1377,1377,5103,,,
1378,1378,5304,,,
1379,1379,5502,,,
1380,1380,5701,,,
1381,1381,5901,,,
1382,1382,6101,,,
1383,1383,6302,,,
1384,1384,6501,,,
1385,1385,6703,,,
1386,1386,6902,,,
1387,1387,7102,,,
1388,1388,7301,,,
1389,1389,7504,,,
1390,1390,7701,,,
1391,1391,7904,,,
1392,1392,8101,,,
1393,1393,8304,,,
1394,1394,8501,,,
1395,1395,8701,,,
1396,1396,8901,,,
1397,1397,9101,,,
1398,1398,9302,,,
1399,1399,9502,,,
1400,1400,9705,,,
1401,1401,9901,,,
1402,1402,10101,,,
1403,1403,10301,,,
1404,1404,10501,,,
1405,1405,10702,,,
1406,1406,10902,,,
1407,1407,11102,,,
1408,1408,11301,,,
1409,1409,11502,,,
1410,1410,11701,,,
1411,1411,11901,,,
1412,1412,12101,,,
1413,1413,12301,,,
1414,1414,12501,,,
1415,1415,12701,,,
1416,1416,12903,,,
1417,1417,13104,,,
1418,1418,13301,,,
1419,1419,13503,,,
1420,1420,13701,,,
1421,1421,13904,,,
1422,1422,14103,,,
1423,1423,14304,,,
1424,1424,14506,,,
1425,1425,14705,,,
1426,1426,14904,,,
1427,1427,15103,,,
1428,1428,15301,,,
1429,1429,15503,,,
1430,1430,15705,,,
1431,1431,15901,,,
1432,1432,16101,,,
1433,1433,16304,,,
1434,1434,16501,,,
1435,1435,16701,,,
1436,1436,16903,,,
1437,1437,17101,,,
1438,1438,17302,,,
1439,1439,17503,,,
1440,1440,17703,,,
1441,1441,17901,,,
1442,1442,18101,,,
1443,1443,18301,,,
1444,1444,18506,,,
1445,1445,18704,,,
1446,1446,18901,,,
1447,1447,19102,,,
1448,1448,19303,,,
1449,1449,19503,,,
1450,1450,19701,,,
1451,1451,19903,,,
1452,1452,101,,,
1453,1453,301,,,
1454,1454,501,,,
1455,1455,701,,,
1456,1456,904,,,
1457,1457,1103,,,
1458,1458,1303,,,
1459,1459,1502,,,
1460,1460,1703,,,
1461,1461,1901,,,
1462,1462,2103,,,
1463,1463,2301,,,
1464,1464,2502,,,
1465,1465,2704,,,
1466,1466,2904,,,
1467,1467,3104,,,
1468,1468,3302,,,
1469,1469,3501,,,
1470,1470,3701,,,
1471,1471,3903,,,
1472,1472,4102,,,
1473,1473,4302,,,
1474,1474,4501,,,
1475,1475,4702,,,
1476,1476,4902,,,
1477,1477,5105,,,
1478,1478,5304,,,
1479,1479,5502,,,
1480,1480,5701,,,
1481,1481,5901,,,
1482,1482,6101,,,
1483,1483,6302,,,
1484,1484,6503,,,
1485,1485,6703,,,
1486,1486,6902,,,
1487,1487,7102,,,
1488,1488,7301,,,
1489,1489,7505,,,
1490,1490,7701,,,
1491,1491,7905,,,
1492,1492,8101,,,
1493,1493,8304,,,
1494,1494,8501,,,
1495,1495,8701,,,
1496,1496,8901,,,
1497,1497,9101,,,
1498,1498,9302,,,
1499,1499,9502,,,
1500,1500,9705,,,
1501,1501,9901,,,
1502,1502,10101,,,
1503,1503,10301,,,
1504,1504,10501,,,
1505,1505,10702,,,
1506,1506,10902,,,
1507,1507,11101,,,
1508,1508,11301,,,
1509,1509,11502,,,
1510,1510,11701,,,
1511,1511,11901,,,
1512,1512,12101,,,
1513,1513,12301,,,
1514,1514,12501,,,
1515,1515,12701,,,
1516,1516,12903,,,
1517,1517,13102,,,
1518,1518,13301,,,
1519,1519,13503,,,
1520,1520,13702,,,
1521,1521,13904,,,
1522,1522,14103,,,
1523,1523,14304,,,
1524,1524,14506,,,
1525,1525,14706,,,
1526,1526,14904,,,
1527,1527,15101,,,
1528,1528,15301,,,
1529,1529,15503,,,
1530,1530,15705,,,
1531,1531,15901,,,
1532,1532,16101,,,
1533,1533,16303,,,
1534,1534,16501,,,
1535,1535,16701,,,
1536,1536,16903,,,
1537,1537,17102,,,
1538,1538,17302,,,
1539,1539,17503,,,
1540,1540,17703,,,
1541,1541,17901,,,
1542,1542,18101,,,
1543,1543,18301,,,
1544,1544,18506,,,
1545,1545,18704,,,
1546,1546,18902,,,
1547,1547,19102,,,
1548,1548,19303,,,
1549,1549,19501,,,
1550,1550,19701,,,
1551,1551,19902,,,
1552,1552,101,,,
1553,1553,301,,,
1554,1554,503,,,
1555,1555,701,,,
1556,1556,904,,,
1557,1557,1103,,,
1558,1558,1303,,,
1559,1559,1502,,,
1560,1560,1703,,,
1561,1561,1901,,,
1562,1562,2103,,,
1563,1563,2301,,,
1564,1564,2502,,,
1565,1565,2704,,,
1566,1566,2904,,,
1567,1567,3101,,,
1568,1568,3302,,,
1569,1569,3501,,,
1570,1570,3701,,,
1571,1571,3904,,,
1572,1572,4102,,,
1573,1573,4302,,,
1574,1574,4501,,,
1575,1575,4702,,,
1576,1576,4902,,,
1577,1577,5105,,,
1578,1578,5304,,,
1579,1579,5502,,,
1580,1580,5701,,,
1581,1581,5901,,,
1582,1582,6101,,,
1583,1583,6302,,,
1584,1584,6503,,,
1585,1585,6703,,,
1586,1586,6902,,,
1587,1587,7102,,,
1588,1588,7301,,,
1589,1589,7505,,,
1590,1590,7701,,,
1591,1591,8101,,,
1592,1592,8304,,,
1593,1593,8501,,,
1594,1594,8701,,,
1595,1595,8901,,,
1596,1596,9101,,,
1597,1597,9302,,,
1598,1598,9706,,,
1599,1599,9901,,,
1600,1600,10101,,,
1601,1601,10301,,,
1602,1602,10501,,,
1603,1603,10702,,,
1604,1604,10902,,,
1605,1605,11101,,,
1606,1606,11302,,,
1607,1607,11502,,,
1608,1608,11701,,,
1609,1609,11901,,,
1610,1610,12101,,,
1611,1611,12301,,,
1612,1612,12501,,,
1613,1613,12701,,,
1614,1614,12903,,,
1615,1615,13102,,,
1616,1616,13301,,,
1617,1617,13503,,,
1618,1618,13703,,,
1619,1619,13904,,,
1620,1620,14103,,,
1621,1621,14304,,,
1622,1622,14506,,,
1623,1623,14706,,,
1624,1624,14904,,,
1625,1625,15102,,,
1626,1626,15301,,,
1627,1627,15503,,,
1628,1628,15704,,,
1629,1629,15901,,,
1630,1630,16101,,,
1631,1631,16305,,,
1632,1632,16503,,,
1633,1633,16701,,,
1634,1634,16903,,,
1635,1635,17103,,,
1636,1636,17302,,,
1637,1637,17503,,,
1638,1638,17703,,,
1639,1639,17901,,,
1640,1640,18101,,,
1641,1641,18301,,,
1642,1642,18506,,,
1643,1643,18704,,,
1644,1644,18902,,,
1645,1645,19102,,,
1646,1646,19303,,,
1647,1647,19501,,,
1648,1648,19701,,,
1649,1649,101,,,
1650,1650,301,,,
1651,1651,501,,,
1652,1652,701,,,
1653,1653,904,,,
1654,1654,1103,,,
1655,1655,1301,,,
1656,1656,1502,,,
1657,1657,1703,,,
1658,1658,1901,,,
1659,1659,2103,,,
1660,1660,2301,,,
1661,1661,2502,,,
1662,1662,2704,,,
1663,1663,2904,,,
1664,1664,3105,,,
1665,1665,3302,,,
1666,1666,3501,,,
1667,1667,3701,,,
1668,1668,3904,,,
1669,1669,4102,,,
1670,1670,4302,,,
1671,1671,4501,,,
1672,1672,4702,,,
1673,1673,4902,,,
1674,1674,5105,,,
1675,1675,5304,,,
1676,1676,5502,,,
1677,1677,5701,,,
1678,1678,5901,,,
1679,1679,6101,,,
1680,1680,6301,,,
1681,1681,6504,,,
1682,1682,6701,,,
1683,1683,6902,,,
1684,1684,7102,,,
1685,1685,7301,,,
1686,1686,7506,,,
1687,1687,7701,,,
1688,1688,7906,,,
1689,1689,8101,,,
1690,1690,8304,,,
1691,1691,8501,,,
1692,1692,8701,,,
1693,1693,8901,,,
1694,1694,9103,,,
1695,1695,9302,,,
1696,1696,9504,,,
1697,1697,9707,,,
1698,1698,9901,,,
1699,1699,10101,,,
1700,1700,10301,,,
1701,1701,10501,,,
1702,1702,10702,,,
1703,1703,10902,,,
1704,1704,11103,,,
1705,1705,11301,,,
1706,1706,11502,,,
1707,1707,11701,,,
1708,1708,11901,,,
1709,1709,12101,,,
1710,1710,12301,,,
1711,1711,12501,,,
1712,1712,12701,,,
1713,1713,12903,,,
1714,1714,13103,,,
1715,1715,13301,,,
1716,1716,13503,,,
1717,1717,13703,,,
1718,1718,13904,,,
1719,1719,14103,,,
1720,1720,14302,,,
1721,1721,14506,,,
1722,1722,14704,,,
1723,1723,14904,,,
1724,1724,15102,,,
1725,1725,15301,,,
1726,1726,15503,,,
1727,1727,15706,,,
1728,1728,15901,,,
1729,1729,16101,,,
1730,1730,16305,,,
1731,1731,16503,,,
1732,1732,16701,,,
1733,1733,16903,,,
1734,1734,17104,,,
1735,1735,17302,,,
1736,1736,17504,,,
1737,1737,17703,,,
1738,1738,17901,,,
1739,1739,18101,,,
1740,1740,18301,,,
1741,1741,18506,,,
1742,1742,18704,,,
1743,1743,18902,,,
1744,1744,19103,,,
1745,1745,19303,,,
1746,1746,19501,,,
1747,1747,19701,,,
1748,1748,19903,,,
1749,1749,101,,,
1750,1750,301,,,
1751,1751,501,,,
1752,1752,701,,,
1753,1753,904,,,
1754,1754,1103,,,
1755,1755,1304,,,
1756,1756,1502,,,
1757,1757,1703,,,
1758,1758,1901,,,
1759,1759,2103,,,
1760,1760,2301,,,
1761,1761,2502,,,
1762,1762,2704,,,
1763,1763,2904,,,
1764,1764,3105,,,
1765,1765,3302,,,
1766,1766,3501,,,
1767,1767,3701,,,
1768,1768,3904,,,
1769,1769,4103,,,
1770,1770,4302,,,
1771,1771,4501,,,
1772,1772,4702,,,
1773,1773,4902,,,
1774,1774,5105,,,
1775,1775,5304,,,
1776,1776,5502,,,
1777,1777,5701,,,
1778,1778,5901,,,
1779,1779,6101,,,
1780,1780,6303,,,
1781,1781,6504,,,
1782,1782,6701,,,
1783,1783,6902,,,
1784,1784,7102,,,
1785,1785,7301,,,
1786,1786,7505,,,
1787,1787,7701,,,
1788,1788,7906,,,
1789,1789,8101,,,
1790,1790,8304,,,
1791,1791,8501,,,
1792,1792,8702,,,
1793,1793,8901,,,
1794,1794,9103,,,
1795,1795,9303,,,
1796,1796,9504,,,
1797,1797,9705,,,
1798,1798,9901,,,
1799,1799,10103,,,
1800,1800,10301,,,
1801,1801,10501,,,
1802,1802,10702,,,
1803,1803,10902,,,
1804,1804,11103,,,
1805,1805,11301,,,
1806,1806,11502,,,
1807,1807,11701,,,
1808,1808,11901,,,
1809,1809,12101,,,
1810,1810,12301,,,
1811,1811,12501,,,
1812,1812,12701,,,
1813,1813,12903,,,
1814,1814,13105,,,
1815,1815,13302,,,
1816,1816,13503,,,
1817,1817,13703,,,
1818,1818,13904,,,
1819,1819,14103,,,
1820,1820,14302,,,
1821,1821,14506,,,
1822,1822,14707,,,
1823,1823,14905,,,
1824,1824,15102,,,
1825,1825,15301,,,
1826,1826,15503,,,
1827,1827,15707,,,
1828,1828,15901,,,
1829,1829,16101,,,
1830,1830,16306,,,
1831,1831,16503,,,
1832,1832,16702,,,
1833,1833,16903,,,
1834,1834,17104,,,
1835,1835,17302,,,
1836,1836,17503,,,
1837,1837,17703,,,
1838,1838,17901,,,
1839,1839,18101,,,
1840,1840,18301,,,
1841,1841,18507,,,
1842,1842,18704,,,
1843,1843,18902,,,
1844,1844,19103,,,
1845,1845,19303,,,
1846,1846,19501,,,
1847,1847,19701,,,
1848,1848,19903,,,
1849,1849,101,,,
1850,1850,301,,,
1851,1851,501,,,
1852,1852,701,,,
1853,1853,904,,,
1854,1854,1103,,,
1855,1855,1304,,,
1856,1856,1502,,,
1857,1857,1703,,,
1858,1858,1901,,,
1859,1859,2103,,,
1860,1860,2301,,,
1861,1861,2502,,,
1862,1862,2704,,,
1863,1863,2904,,,
1864,1864,3105,,,
1865,1865,3302,,,
1866,1866,3501,,,
1867,1867,3701,,,
1868,1868,3904,,,
1869,1869,4103,,,
1870,1870,4302,,,
1871,1871,4501,,,
1872,1872,4702,,,
1873,1873,4902,,,
1874,1874,5105,,,
1875,1875,5304,,,
1876,1876,5502,,,
1877,1877,5701,,,
1878,1878,5901,,,
1879,1879,6101,,,
1880,1880,6303,,,
1881,1881,6504,,,
1882,1882,6701,,,
1883,1883,6902,,,
1884,1884,7102,,,
1885,1885,7301,,,
1886,1886,7505,,,
1887,1887,7701,,,
1888,1888,7906,,,
1889,1889,8101,,,
1890,1890,8304,,,
1891,1891,8501,,,
1892,1892,8702,,,
1893,1893,8901,,,
1894,1894,9103,,,
1895,1895,9303,,,
1896,1896,9504,,,
1897,1897,9705,,,
1898,1898,9901,,,
1899,1899,10103,,,
1900,1900,10301,,,
1901,1901,10501,,,
1902,1902,10702,,,
1903,1903,10902,,,
1904,1904,11103,,,
1905,1905,11301,,,
1906,1906,11502,,,
1907,1907,11701,,,
1908,1908,11901,,,
1909,1909,12101,,,
1910,1910,12301,,,
1911,1911,12501,,,
1912,1912,12701,,,
1913,1913,12903,,,
1914,1914,13105,,,
1915,1915,13302,,,
1916,1916,13503,,,
1917,1917,13703,,,
1918,1918,13904,,,
1919,1919,14103,,,
1920,1920,14302,,,
1921,1921,14506,,,
1922,1922,14707,,,
1923,1923,14905,,,
1924,1924,15102,,,
1925,1925,15301,,,
1926,1926,15503,,,
1927,1927,15707,,,
1928,1928,15901,,,
1929,1929,16101,,,
1930,1930,16306,,,
1931,1931,16503,,,
1932,1932,16702,,,
1933,1933,16903,,,
1934,1934,17104,,,
1935,1935,17302,,,
1936,1936,17503,,,
1937,1937,17703,,,
1938,1938,17901,,,
1939,1939,18101,,,
1940,1940,18301,,,
1941,1941,18507,,,
1942,1942,18704,,,
1943,1943,18902,,,
1944,1944,19103,,,
1945,1945,19304,,,
1946,1946,19501,,,
1947,1947,19701,,,
1948,1948,19903,,,
